{
    "12345": {
        "name": "Andrii",
        "family name": "Zadorozhnii",
        "user city": "Odessa",
        "user country": "Ukraine"
    },
    "123456": {
        "name": "Slava",
        "family name": "Petrov",
        "user city": "Kiev",
        "user country": "Ukraine"
    },
    "123141241": {
        "name": "Oleg",
        "family name": "Pupkin",
        "user city": "IV",
        "user country": "Ukraine"
    },
    "34567890": {
        "name": "Oleksandra",
        "family name": "Homiak",
        "user city": "Vinitsa",
        "user country": "Ukraine"
    },
    "56789012": {
        "name": "Ivan",
        "family name": "Ivanov",
        "user city": "Lviv",
        "user country": "Ukraine"
    },
    "67890123": {
        "name": "Anna",
        "family name": "Tymoshenko",
        "user city": "Dnipro",
        "user country": "Ukraine"
    },
    "78901234": {
        "name": "Bohdan",
        "family name": "Kryvyi",
        "user city": "Kharkiv",
        "user country": "Ukraine"
    },
    "89012345": {
        "name": "Dmytro",
        "family name": "Horbenko",
        "user city": "Poltava",
        "user country": "Ukraine"
    },
    "90123456": {
        "name": "Yulia",
        "family name": "Shevchenko",
        "user city": "Zaporizhzhia",
        "user country": "Ukraine"
    },
    "10123457": {
        "name": "Pavlo",
        "family name": "Melnyk",
        "user city": "Ivano-Frankivsk",
        "user country": "Ukraine"
    },
    "11234567": {
        "name": "Sofia",
        "family name": "Koval",
        "user city": "Chernihiv",
        "user country": "Ukraine"
    },
    "12234567": {
        "name": "Maksym",
        "family name": "Borysov",
        "user city": "Rivne",
        "user country": "Ukraine"
    },
    "13234567": {
        "name": "Olha",
        "family name": "Tkachenko",
        "user city": "Lutsk",
        "user country": "Ukraine"
    },
    "14234567": {
        "name": "Nadiya",
        "family name": "Bondarenko",
        "user city": "Uzhhorod",
        "user country": "Ukraine"
    },
    "15234567": {
        "name": "Taras",
        "family name": "Martyniuk",
        "user city": "Ternopil",
        "user country": "Ukraine"
    },
    "16234567": {
        "name": "Inna",
        "family name": "Chernenko",
        "user city": "Kherson",
        "user country": "Ukraine"
    },
    "17234567": {
        "name": "Volodymyr",
        "family name": "Hrytsenko",
        "user city": "Chernivtsi",
        "user country": "Ukraine"
    },
    "18234567": {
        "name": "Natalia",
        "family name": "Krutova",
        "user city": "Zhytomyr",
        "user country": "Ukraine"
    },
    "19234567": {
        "name": "Roman",
        "family name": "Lesiv",
        "user city": "Kropyvnytskyi",
        "user country": "Ukraine"
    },
    "20234567": {
        "name": "Oleksii",
        "family name": "Pavlenko",
        "user city": "Mykolaiv",
        "user country": "Ukraine"
    },
    "21234567": {
        "name": "Kateryna",
        "family name": "Zinkevych",
        "user city": "Sumy",
        "user country": "Ukraine"
    }
}